{
  "name": "my theme",
  "version": "1.0.0",
  "author": "Theme Designer",
  "description": "Custom theme created with Theme Designer",
  "thumbnail": "/themes/my-theme/screenshot.png",
  "designConfig": {
    "colors": {
      "link": "#818CF8",
      "text": "#E2E8F0",
      "accent": "#EC4899",
      "border": "#3F3F5A",
      "heading": "#F8FAFC",
      "primary": "#6366F1",
      "surface": "#1E1E2E",
      "linkHover": "#A5B4FC",
      "secondary": "#8B5CF6",
      "textMuted": "#94A3B8",
      "background": "#0F0F1A"
    },
    "layout": {
      "footerStyle": "minimal",
      "headerStyle": "minimal",
      "contentWidth": 1200,
      "sidebarPosition": "none"
    },
    "borders": {
      "width": 1,
      "radius": 16
    },
    "spacing": {
      "elementSpacing": 24,
      "sectionPadding": 48,
      "containerPadding": 32
    },
    "typography": {
      "bodyFont": "Inter",
      "lineHeight": 1.7,
      "headingFont": "Inter",
      "baseFontSize": 16,
      "headingWeight": 700
    }
  }
}